<?xml version='1.0'?>
<!DOCTYPE platform SYSTEM "http://simgrid.gforge.inria.fr/simgrid/simgrid.dtd">
<platform version="4.1">
   <zone id="AS0" routing="Full">
     <host id="host0" speed="1Gf"/>
     <host id="host1" speed="1Gf"/>
     <host id="host2" speed="1Gf"/>

     <link id="link0" bandwidth="100MBps" latency="50us"/>
     <link id="link1" bandwidth="100MBps" latency="50us"/>

     <route src="host1" dst="host0"><link_ctn id="link0"/></route>
     <route src="host2" dst="host0"><link_ctn id="link1"/></route>

  </zone>
</platform>

    


