<?xml version='1.0'?>
<!DOCTYPE platform SYSTEM "http://simgrid.gforge.inria.fr/simgrid/simgrid.dtd">
<platform version="4.1">
   <zone id="AS0" routing="Full">
     <host id="host0" speed="0.001Gf"/>
     <host id="host1" speed="1Gf"/>
     <host id="host2" speed="1Gf"/>
     <host id="host3" speed="1Gf"/>
     <host id="host4" speed="1Gf"/>
     <host id="host5" speed="1Gf"/>
     <host id="host6" speed="1Gf"/>
     <host id="host7" speed="1Gf"/>
     <host id="host8" speed="1Gf"/>

     <link id="link0" bandwidth="500MBps" latency="100us"/>
     <link id="link1" bandwidth="50MBps" latency="100us"/>
     <link id="link2" bandwidth="50MBps" latency="100us"/>

     <link id="link3" bandwidth="50MBps" latency="100us"/>
     <link id="link4" bandwidth="50MBps" latency="100us"/>
     <link id="link5" bandwidth="50MBps" latency="100us"/>

     <link id="link6" bandwidth="50MBps" latency="100us"/>
     <link id="link7" bandwidth="50MBps" latency="100us"/>
     <link id="link8" bandwidth="50MBps" latency="100us"/>

     <link id="link9" bandwidth="50MBps" latency="100us"/>
     <link id="link10" bandwidth="50MBps" latency="100us"/>
     <link id="link11" bandwidth="50MBps" latency="100us"/>

     <route src="host0" dst="host1"><link_ctn id="link0"/></route>
     <route src="host1" dst="host2"><link_ctn id="link1"/></route>
     <route src="host0" dst="host3"><link_ctn id="link2"/></route>

     <route src="host1" dst="host4"><link_ctn id="link3"/></route>
     <route src="host2" dst="host5"><link_ctn id="link4"/></route>
     <route src="host3" dst="host4"><link_ctn id="link5"/></route>

     <route src="host4" dst="host5"><link_ctn id="link6"/></route>
     <route src="host3" dst="host6"><link_ctn id="link7"/></route>
     <route src="host4" dst="host7"><link_ctn id="link8"/></route>

     <route src="host5" dst="host8"><link_ctn id="link9"/></route>
     <route src="host6" dst="host7"><link_ctn id="link10"/></route>
     <route src="host7" dst="host8"><link_ctn id="link11"/></route>

  </zone>
</platform>

    


