<?xml version='1.0'?>
     <!DOCTYPE platform SYSTEM "http://simgrid.gforge.inria.fr/simgrid/simgrid.dtd">
     <platform version="4.1">
       <!-- This file describe a super simple platform which main interest is to define some properties on hosts, 
            processes and links. It is used in several regression cases on properties -->
       <zone  id="AS0"  routing="Full">
         <prop id="filename" value="prop.xml"/>
        <prop id="date" value="31-08-12"/>
         <prop id="author" value="pnavarro"/>
    
        <zone id="AS3"  routing="Full">
          <zone id="AS1" routing="None">
            <prop id="name" value="AS1"/>
          </zone>
          <zone id="AS2" routing="None">
            <prop id="name" value="AS2"/>
         </zone>
        </zone>
    
        <cluster id="acme" prefix="node-" suffix=".acme.org" radical="0-4" speed="1Gf"
                 bw="125MBps" lat="50us" bb_bw="2.25GBps"  bb_lat="500us">
          <!-- these props will be attached to the network zone constituting the cluster -->
          <prop id="bla" value="acme cluster"/>
          <prop id="Hdd"  value="180"/>
          <prop id="mem"  value="42"/>
        </cluster>
    
        <zone  id="AS4"  routing="Full">
          <host id="host1" speed="1Gf">
            <prop id="Hdd" value="180"/>
            <prop id="mem" value="4"/>
          </host>
          <host id="host2" speed="1Gf">
            <prop id="Hdd" value="120"/>
          </host>
	   <host id="host3" speed="1Gf">
            <prop id="Hdd" value="120"/>
          </host>
    
          <link id="l1" bandwidth="125MBps" latency="100us">
            <prop id="type" value="Ethernet"/>
          </link>
          <link id="l2" bandwidth="125MBps" latency="100us">
            <prop id="type" value="ethernet"/>
          </link>
    
          <route src="host1" dst="host2">
            <link_ctn id="l1"/>
          </route>
	  <route src="host2" dst="host3">
            <link_ctn id="l2"/>
          </route>
        </zone>
      </zone>
    </platform>
