
<?xml version='1.0'?>
<!DOCTYPE platform SYSTEM "http://simgrid.gforge.inria.fr/simgrid/simgrid.dtd">
<platform version="4.1">
	<zone id="AS0" routing="Full">
		<host id="host-0" speed="1Mf"/>
		<host id="host-1" speed="1Mf"/>
		<host id="host-2" speed="1Mf"/>
		<host id="host-3" speed="1Mf"/>
		<link id="link0" bandwidth="50MBps" latency="100us"/>
		<link id="link1" bandwidth="50MBps" latency="100us"/>
		<link id="link2" bandwidth="50MBps" latency="100us"/>
		<link id="link3" bandwidth="50MBps" latency="100us"/>
		<link id="link4" bandwidth="50MBps" latency="100us"/>
		<link id="link5" bandwidth="50MBps" latency="100us"/>
		<route src="host-0" dst="host-1"><link_ctn id="link0"/></route>
		<route src="host-1" dst="host-2"><link_ctn id="link1"/></route>
		<route src="host-2" dst="host-3"><link_ctn id="link2"/></route>
		<route src="host-3" dst="host-0"><link_ctn id="link3"/></route>
		<route src="host-0" dst="host-2"><link_ctn id="link5"/></route>
		<route src="host-1" dst="host-3"><link_ctn id="link4"/></route>
	</zone>
</platform>

