
<?xml version='1.0'?>
<!DOCTYPE platform SYSTEM "http://simgrid.gforge.inria.fr/simgrid/simgrid.dtd">
<platform version="4.1">
	<zone id="AS0" routing="Full">
		<host id="host-0" speed="1Mf"/>
		<host id="host-1" speed="1Mf"/>
		<host id="host-2" speed="1Mf"/>
		<host id="host-3" speed="1Mf"/>
		<host id="host-4" speed="1Mf"/>
		<host id="host-5" speed="1Mf"/>
		<host id="host-6" speed="1Mf"/>
		<host id="host-7" speed="1Mf"/>
		<link id="link0" bandwidth="50MBps" latency="100us"/>
		<link id="link1" bandwidth="50MBps" latency="100us"/>
		<link id="link2" bandwidth="50MBps" latency="100us"/>
		<link id="link3" bandwidth="50MBps" latency="100us"/>
		<link id="link4" bandwidth="50MBps" latency="100us"/>
		<link id="link5" bandwidth="50MBps" latency="100us"/>
		<link id="link6" bandwidth="50MBps" latency="100us"/>
		<link id="link7" bandwidth="50MBps" latency="100us"/>
		<link id="link8" bandwidth="50MBps" latency="100us"/>
		<link id="link9" bandwidth="50MBps" latency="100us"/>
		<link id="link10" bandwidth="50MBps" latency="100us"/>
		<link id="link11" bandwidth="50MBps" latency="100us"/>
		<route src="host-0" dst="host-1"><link_ctn id="link0"/></route>
		<route src="host-1" dst="host-3"><link_ctn id="link1"/></route>
		<route src="host-2" dst="host-3"><link_ctn id="link2"/></route>
		<route src="host-2" dst="host-0"><link_ctn id="link3"/></route>
		<route src="host-4" dst="host-5"><link_ctn id="link4"/></route>
		<route src="host-5" dst="host-7"><link_ctn id="link5"/></route>
		<route src="host-7" dst="host-6"><link_ctn id="link6"/></route>
		<route src="host-6" dst="host-4"><link_ctn id="link7"/></route>
		<route src="host-0" dst="host-4"><link_ctn id="link8"/></route>
		<route src="host-5" dst="host-1"><link_ctn id="link9"/></route>
		<route src="host-7" dst="host-3"><link_ctn id="link2"/></route>
		<route src="host-2" dst="host-6"><link_ctn id="link3"/></route>
	</zone>
</platform>

